"0","decision_tree <- readRDS('./data/validation_test_dt.RDS')"
"0","bagging <- readRDS('./data/validation_test_bag.RDS')"
"0","random_forest <- readRDS('./data/validation_rf.RDS')"
"0",""
"0","datasets <- list(decision_tree, bagging, random_forest)"
"0",""
"0","class_metrics <- metric_set(precision, recall,"
"0","                       accuracy, f_meas)"
"0",""
"0",""
"0","metrics_dt <- roc_auc(decision_tree, truth = realiza_domest, "".pred_No realiza"") %>% "
"0","  bind_rows(., class_metrics(decision_tree, truth = realiza_domest, estimate = .pred_class)) %>% "
"0","  mutate(modelo = ""decision_tree"")"
"0",""
"0","metrics_bagging <- roc_auc(bagging, truth = realiza_domest, "".pred_No realiza"") %>% "
"0","  bind_rows(., class_metrics(bagging, truth = realiza_domest, estimate = .pred_class))%>% "
"0","  mutate(modelo = ""bagged_tree"")"
"0",""
"0",""
"0","metrics_rf <- roc_auc(random_forest, truth = realiza_domest, "".pred_No realiza"") %>% "
"0","  bind_rows(., class_metrics(bagging, truth = realiza_domest, estimate = .pred_class))%>% "
"0","  mutate(modelo = ""random_forest"")"
"0",""
"0","rbind(metrics_dt, metrics_bagging, metrics_rf) %>%"
"0","ggplot(aes(x = .metric, y = .estimate, fill = modelo))+"
"0","  geom_col(position = ""dodge"")+"
"0","  scale_fill_viridis_d()+"
"0","  theme_minimal()"
"0",""
