{"chunk_definitions":[{"row":22,"row_count":1,"visible":true,"expansion_state":0,"options":{"engine":"r","label":"setup","include":false},"document_id":"904C18DE","chunk_id":"csetup_chunk","chunk_label":"setup"},{"row":83,"row_count":1,"visible":true,"expansion_state":0,"options":{"engine":"r","label":"unnamed-chunk-1"},"document_id":"904C18DE","chunk_id":"cm7uf341t69ik","chunk_label":"unnamed-chunk-2"},{"row":117,"row_count":1,"visible":true,"expansion_state":0,"options":{"engine":"r","label":"unnamed-chunk-3"},"document_id":"904C18DE","chunk_id":"ceftt4xa00eo3","chunk_label":"unnamed-chunk-3"},{"row":127,"row_count":1,"visible":true,"expansion_state":0,"options":{"engine":"r","eval":false,"label":"unnamed-chunk-5"},"document_id":"904C18DE","chunk_id":"cabiav2bsegz0","chunk_label":"unnamed-chunk-4"},{"row":150,"row_count":1,"visible":true,"expansion_state":0,"options":{"engine":"r","label":"unnamed-chunk-6"},"document_id":"904C18DE","chunk_id":"c5034tah4npr0","chunk_label":"unnamed-chunk-5"},{"row":167,"row_count":1,"visible":true,"expansion_state":0,"options":{"engine":"r","label":"unnamed-chunk-28"},"document_id":"904C18DE","chunk_id":"crp0s9alc7b1l","chunk_label":"unnamed-chunk-6"},{"row":186,"row_count":1,"visible":true,"expansion_state":0,"options":{"engine":"r","label":"unnamed-chunk-29"},"document_id":"904C18DE","chunk_id":"cf6t3nbtsxnu2","chunk_label":"unnamed-chunk-7"},{"row":190,"row_count":1,"visible":true,"expansion_state":0,"options":{"engine":"r","label":"unnamed-chunk-30"},"document_id":"904C18DE","chunk_id":"c7yvm0eierh3c","chunk_label":"unnamed-chunk-8"},{"row":195,"row_count":1,"visible":true,"expansion_state":0,"options":{"engine":"r","label":"unnamed-chunk-31"},"document_id":"904C18DE","chunk_id":"ch3v6ygp1g8nj","chunk_label":"unnamed-chunk-9"},{"row":203,"row_count":1,"visible":true,"expansion_state":0,"options":{"engine":"r","label":"unnamed-chunk-32"},"document_id":"904C18DE","chunk_id":"ctad6lgno5yej","chunk_label":"unnamed-chunk-10"},{"row":207,"row_count":1,"visible":true,"expansion_state":0,"options":{"engine":"r","label":"unnamed-chunk-45"},"document_id":"904C18DE","chunk_id":"cc3q277mhbafi","chunk_label":"unnamed-chunk-11"},{"row":216,"row_count":1,"visible":true,"expansion_state":0,"options":{"engine":"r","label":"unnamed-chunk-34"},"document_id":"904C18DE","chunk_id":"c2ls1yedycgr5","chunk_label":"unnamed-chunk-12"},{"row":222,"row_count":1,"visible":true,"expansion_state":0,"options":{"engine":"r","echo":false,"label":"unnamed-chunk-35"},"document_id":"904C18DE","chunk_id":"cbxqmhrjyfvyz","chunk_label":"unnamed-chunk-13"},{"row":248,"row_count":1,"visible":true,"expansion_state":0,"options":{"engine":"r","label":"unnamed-chunk-36"},"document_id":"904C18DE","chunk_id":"czwjjgvfaqu6m","chunk_label":"unnamed-chunk-14"},{"row":252,"row_count":1,"visible":true,"expansion_state":0,"options":{"engine":"r","label":"unnamed-chunk-37"},"document_id":"904C18DE","chunk_id":"ckkbj0horjm26","chunk_label":"unnamed-chunk-15"},{"row":267,"row_count":1,"visible":true,"expansion_state":0,"options":{"engine":"r","label":"unnamed-chunk-52"},"document_id":"904C18DE","chunk_id":"c5ed395kbw7z2","chunk_label":"unnamed-chunk-16"}],"doc_write_time":1696984757}