{"chunk_definitions":[{"row":84,"row_count":1,"visible":true,"expansion_state":0,"options":{"engine":"r","label":"unnamed-chunk-2"},"document_id":"904C18DE","chunk_id":"caho8hfpud22x","chunk_label":"unnamed-chunk-2"},{"row":137,"row_count":1,"visible":true,"expansion_state":0,"options":{"engine":"r","eval":false,"label":"unnamed-chunk-3"},"document_id":"904C18DE","chunk_id":"cabiav2bsegz0","chunk_label":"unnamed-chunk-5"}],"doc_write_time":1696983119,"working_dir":null,"default_chunk_options":{"echo":true},"chunk_rendered_width":700}