"0","set.seed(123)"
"0",""
"0","split <- initial_split(data)"
"0","train <- training(split)"
"0","test <- testing(split)"
"0",""
"0","recipe <- recipe(realiza_domest ~ ., data = train)%>%"
"0","  update_role(ID, new_role = ""id"") %>%"
"0","  step_other(BHCH04_SEL, threshold = 0.2)%>%"
"0","  # El engine XGBoost necesita que transformemos las variables categoricas a dummy"
"0","  step_dummy(SEXO_SEL) %>%"
"0","  step_dummy(CONDICION_ACTIVIDAD_AGRUPADA) %>%"
"0","  step_dummy(BHCH04_SEL) %>%"
"0","  step_dummy(BHDC_SEL) %>%"
"0","  step_downsample(realiza_domest, under_ratio = 1)"
"0",""
"0","wf <- workflow() %>%"
"0","  add_recipe(recipe)"
