"0","library(tidyverse)"
"0",""
"0","data <- read_delim(""./data/enut2021_base.txt"", delim = ""|"")"
"2","[1mRows: [22m[34m14350[39m [1mColumns: [22m[34m327[39m"
"2","[36m──[39m [1mColumn specification[22m [36m─────────────────────────────────────────────────────────────────────────────────────────────────────────────────[39m
[1mDelimiter:[22m ""|""
[32mdbl[39m (326): ID, WHOG, WPER, REGION, N_MIEMBRO, BHCV01, BHCV02, BHCV03, BHCV04, BHCV05, BHCV06, BHCV07, BHCV08, BHCV09, BHCV10, BHCV11,...
[33mlgl[39m   (1): BHDC01_08_SEL"
"2","
[36mℹ[39m Use `spec()` to retrieve the full column specification for this data.
[36mℹ[39m Specify the column types or set `show_col_types = FALSE` to quiet this message."
"0","data <- data %>% select(ID, SEXO_SEL, EDAD_SEL, TCS_GRUPO_DOMESTICO, CONDICION_ACTIVIDAD_AGRUPADA,   "
"0","                        NIVEL_EDUCATIVO_AGRUPADO, CANT_DEMANDANTES_TOTAL, CANT_NODEMANDANTES_TOTAL,"
"0","                        BHCH04_SEL, BHDC_SEL) %>% "
"0","  mutate(realiza_domest = as.factor(case_when("
"0","    TCS_GRUPO_DOMESTICO > 60 ~ ""Realiza"","
"0","    TRUE ~ ""No realiza"")))"
"0"," "
"0","data <- data %>% mutate_at("
"0","                   vars(SEXO_SEL), "
"0","                    ~as.factor(case_when("
"0","                      . == 1 ~ ""Mujer"","
"0","                      . == 2 ~ ""Varon"""
"0","                    )))"
"0"," "
"0",""
"0","data <- data %>% mutate_at(vars(CONDICION_ACTIVIDAD_AGRUPADA), "
"0","                   ~as.factor(case_when("
"0","                     . == 1 ~ ""Ocupado"","
"0","                     . == 2 ~ ""No ocupado"""
"0","                   )))"
"0"," "
"0","data <- data %>% mutate_at(vars(BHCH04_SEL), "
"0","                   ~as.factor(case_when("
"0","                     . == 1 ~ ""Jefe/a"","
"0","                     . == 2 ~ ""Conyuge/pareja"","
"0","                     . == 3 ~ ""Hijo/a"","
"0","                     . == 4 ~ ""Hijastro/a"","
"0","                     . == 5 ~ ""Yerno/nuera"","
"0","                     . == 6 ~ ""Nieto/a"","
"0","                     . == 7 ~ ""Padre o madre"","
"0","                     . == 8 ~ ""Suegro/a"","
"0","                     . == 9 ~ ""Hermano/a"","
"0","                     . == 10 ~ ""Cuniado/a"","
"0","                     . == 11 ~ ""Sobrino/a"","
"0","                     . == 12 ~ ""Abuelo/a"","
"0","                     . == 13 ~ ""Otro familiar"","
"0","                     . == 14 ~ ""Otro no familiar"")))"
"0",""
"0",""
"0"," "
"0"," data <- data %>% mutate_at(vars(BHDC_SEL), "
"0","                   ~as.factor(case_when("
"0","                     . == 0 ~ ""No es demandante de cuidado"","
"0","                     . == 1 ~ ""Es demandante de cuidado"""
"0","                   )))"
"0",""
"0","data<- data %>% select(-TCS_GRUPO_DOMESTICO)"
"0",""
